node_id,x_coord,y_coord
1,116.52432,39.80161
2,116.524145,39.801501
3,116.518527,39.798893
4,116.518399,39.798837
5,116.529632,39.765199
6,116.526789,39.768694
7,116.500561,39.807645
8,116.502211,39.805546
9,116.502913,39.804583
10,116.503697,39.803658
11,116.505544,39.801385
12,116.508115,39.798184
13,116.510609,39.795093
14,116.493614,39.804556
15,116.492548,39.805887
16,116.491705,39.80694
17,116.490913,39.80793
18,116.473389,39.800728
19,116.47361,39.800808
20,116.48108,39.789528
21,116.486413,39.783544
22,116.486588,39.783342
23,116.527958,39.786121
24,116.52814,39.78594
25,116.531444,39.78268
26,116.536704,39.778634
27,116.540376,39.77538
28,116.540482,39.775276
29,116.54342,39.771826
30,116.546686,39.768044
31,116.546902,39.767806
32,116.49997,39.780242
33,116.500109,39.780217
34,116.503404,39.779544
35,116.506622,39.780212
36,116.520824,39.782677
37,116.523832,39.779015
38,116.513834,39.779888
39,116.513717,39.779938
40,116.513379,39.779324
41,116.513033,39.777649
42,116.512456,39.776225
43,116.511043,39.772854
44,116.511288,39.772716
45,116.514562,39.771284
46,116.521587,39.766276
47,116.521788,39.766152
48,116.536878,39.763168
49,116.537077,39.763307
50,116.541922,39.766421
51,116.518228,39.769023
52,116.518309,39.769084
53,116.519849,39.770269
54,116.521122,39.771235
55,116.523348,39.772888
56,116.524976,39.774146
57,116.525911,39.774869
58,116.52604,39.774911
59,116.531683,39.776188
60,116.533169,39.776882
61,116.536821,39.778698
62,116.537822,39.762305
63,116.538587,39.761519
64,116.536778,39.763245
65,116.538704,39.761395
66,116.539151,39.760873
67,116.5393,39.760692
68,116.503912,39.79156
69,116.505598,39.789502
70,116.506357,39.788574
71,116.498096,39.784564
72,116.493728,39.782431
73,116.492067,39.781624
74,116.48939,39.780362
75,116.489291,39.78032
76,116.496161,39.779253
77,116.504178,39.783246
78,116.486682,39.783239
79,116.486813,39.783296
80,116.491273,39.785452
81,116.508636,39.777142
82,116.509947,39.776826
83,116.512345,39.776251
84,116.516233,39.77526
85,116.515348,39.773044
86,116.514653,39.771435
87,116.51462,39.771359
88,116.517401,39.775853
89,116.519098,39.773747
90,116.522704,39.76929
91,116.524201,39.767451
92,116.521814,39.766298
93,116.521952,39.766365
94,116.546843,39.768106
95,116.544356,39.767331
96,116.543634,39.767031
97,116.543386,39.766962
98,116.54185,39.766508
99,116.552688,39.770634
100,116.554831,39.771515
101,116.543529,39.771878
102,116.538432,39.769423
103,116.53571,39.768073
104,116.533451,39.766981
105,116.533349,39.766923
106,116.528699,39.763741
107,116.534185,39.769923
108,116.538601,39.76454
109,116.49211,39.784444
110,116.475474,39.791649
111,116.474683,39.792933
112,116.473619,39.79474
113,116.563603,39.750309
114,116.552172,39.745691
115,116.551117,39.745483
116,116.551115,39.745349
117,116.55191,39.745484
118,116.563663,39.750228
119,116.56701,39.75164
120,116.567284,39.750541
121,116.567101,39.750365
122,116.567484,39.747391
123,116.56716,39.75015
124,116.568451,39.751381
125,116.567009,39.753174
126,116.565142,39.751133
127,116.567627,39.750611
128,116.53303,39.744844
129,116.533114,39.74476
130,116.550872,39.745323
131,116.551544,39.76703
132,116.550511,39.768599
133,116.543801,39.776627
134,116.550371,39.768542
135,116.551398,39.766984
136,116.576928,39.755258
137,116.564392,39.750557
138,116.574995,39.754735
139,116.518041,39.807152
140,116.515112,39.80983
141,116.513701,39.811027
142,116.511751,39.812657
143,116.502087,39.775848
144,116.502059,39.775769
145,116.53937,39.76075
146,116.539333,39.760795
147,116.538726,39.761568
148,116.511342,39.772863
149,116.511374,39.772948
150,116.511503,39.7733
151,116.49342,39.804469
152,116.495286,39.802177
153,116.496033,39.80126
154,116.501775,39.812907
155,116.495615,39.810135
156,116.490973,39.80808
157,116.49084,39.808021
158,116.511087,39.772968
159,116.474595,39.799144
160,116.474034,39.800212
161,116.550661,39.75401
162,116.550859,39.753166
163,116.550934,39.753067
164,116.551018,39.752956
165,116.551346,39.75249
166,116.554773,39.749671
167,116.556036,39.748788
168,116.557508,39.747936
169,116.558371,39.747481
170,116.55978,39.746657
171,116.560498,39.746061
172,116.560836,39.74565
173,116.56187,39.744503
174,116.567448,39.737629
175,116.566395,39.739931
176,116.565432,39.74183
177,116.563494,39.743169
178,116.542498,39.765779
179,116.541792,39.766573
180,116.536508,39.771054
181,116.534764,39.772529
182,116.527933,39.780915
183,116.524935,39.784664
184,116.54368,39.766969
185,116.539823,39.765202
186,116.538179,39.764134
187,116.536998,39.763402
188,116.534862,39.7622
189,116.531809,39.762418
190,116.530069,39.763079
191,116.527356,39.764136
192,116.525586,39.764813
193,116.52408,39.765408
194,116.523332,39.765682
195,116.5613,39.804824
196,116.557512,39.807037
197,116.551195,39.810671
198,116.550986,39.810789
199,116.547259,39.812904
200,116.547021,39.813048
201,116.542015,39.818062
202,116.541899,39.818226
203,116.539605,39.821412
204,116.539379,39.821303
205,116.541633,39.818164
206,116.541738,39.818015
207,116.546879,39.812916
208,116.54711,39.8128
209,116.550987,39.810428
210,116.551195,39.810323
211,116.557374,39.806881
212,116.561087,39.804763
213,116.561256,39.804574
214,116.57328,39.754025
215,116.576049,39.754467
216,116.5751,39.75488
217,116.57307,39.754449
218,116.560721,39.762076
219,116.567395,39.753852
220,116.577514,39.754076
221,116.57709,39.754598
222,116.575388,39.756729
223,116.573345,39.759242
224,116.571368,39.761706
225,116.571257,39.761831
226,116.569051,39.764552
227,116.566766,39.767396
228,116.566691,39.767566
229,116.566429,39.767494
230,116.566501,39.767339
231,116.568784,39.764445
232,116.570999,39.761722
233,116.571108,39.761601
234,116.573105,39.759161
235,116.57514,39.756695
236,116.577306,39.754012
237,116.555536,39.746276
238,116.559284,39.746194
239,116.561173,39.753337
240,116.560839,39.75066
241,116.560126,39.748502
242,116.560939,39.747604
243,116.559201,39.747665
244,116.558825,39.74843
245,116.55975,39.749689
246,116.563026,39.749811
247,116.561068,39.74929
248,116.560557,39.750191
249,116.560888,39.750447
250,116.544637,39.767255
251,116.552588,39.770822
252,116.550876,39.773113
253,116.548724,39.775685
254,116.546454,39.7781
255,116.546334,39.778219
256,116.543443,39.780974
257,116.54026,39.783595
258,116.540113,39.783699
259,116.537697,39.785682
260,116.534441,39.789287
261,116.534278,39.789472
262,116.531273,39.792202
263,116.528895,39.795251
264,116.526887,39.798321
265,116.52443,39.801468
266,116.52126,39.804568
267,116.517798,39.807083
268,116.521113,39.804452
269,116.524243,39.801373
270,116.52667,39.79825
271,116.528729,39.79518
272,116.53107,39.792099
273,116.53411,39.789389
274,116.534262,39.789205
275,116.537565,39.785567
276,116.539931,39.783597
277,116.540053,39.783496
278,116.543268,39.780861
279,116.546161,39.778131
280,116.546274,39.778008
281,116.548539,39.775581
282,116.550714,39.773039
283,116.552429,39.770758
284,116.552653,39.777601
285,116.552776,39.777661
286,116.556161,39.779314
287,116.559667,39.780994
288,116.559888,39.781101
289,116.563465,39.782826
290,116.567656,39.784856
291,116.566338,39.768966
292,116.554723,39.77497
293,116.554881,39.775047
294,116.558512,39.776791
295,116.560271,39.777663
296,116.561965,39.778469
297,116.562207,39.778588
298,116.560992,39.771884
299,116.560987,39.771969
300,116.560712,39.774279
301,116.553897,39.781774
302,116.55381,39.781868
303,116.568415,39.778018
304,116.564452,39.776089
305,116.564251,39.776
306,116.562535,39.775183
307,116.557529,39.771695
308,116.557511,39.771803
309,116.550683,39.780202
310,116.550595,39.780308
311,116.548119,39.783249
312,116.545622,39.786229
313,116.545525,39.786335
314,116.542897,39.789217
315,116.540266,39.792102
316,116.540128,39.792274
317,116.537684,39.795249
318,116.535264,39.798232
319,116.53284,39.801207
320,116.53035,39.804306
321,116.530209,39.804467
322,116.527806,39.807648
323,116.525464,39.810734
324,116.524888,39.811324
325,116.54548,39.786159
326,116.548494,39.787662
327,116.551999,39.789293
328,116.552233,39.789423
329,116.555814,39.791141
330,116.55937,39.792847
331,116.559494,39.792906
332,116.559809,39.797381
333,116.556712,39.795917
334,116.556585,39.795857
335,116.553028,39.794164
336,116.549498,39.792394
337,116.549242,39.792288
338,116.545753,39.790599
339,116.56282,39.798882
340,116.560184,39.801829
341,116.543854,39.798279
342,116.540438,39.796605
343,116.537549,39.795185
344,116.534493,39.793678
345,116.541361,39.801299
346,116.537983,39.799607
347,116.535116,39.798159
348,116.531817,39.796642
349,116.535637,39.802486
350,116.533425,39.805489
351,116.533308,39.805646
352,116.530568,39.808955
353,116.528061,39.811967
354,116.525628,39.814927
355,116.523218,39.817753
356,116.521453,39.819841
357,116.508894,39.81558
358,116.509061,39.815637
359,116.520811,39.808487
360,116.522202,39.809157
361,116.523527,39.809795
362,116.525365,39.810681
363,116.531229,39.81348
364,116.52038,39.816484
365,116.522897,39.813608
366,116.523434,39.812995
367,116.518374,39.815587
368,116.520955,39.812649
369,116.518231,39.81132
370,116.519636,39.812005
371,116.524687,39.814472
372,116.52881,39.816368
373,116.527135,39.80277
374,116.530181,39.804241
375,116.536868,39.806748
376,116.537161,39.806871
377,116.540978,39.808336
378,116.544066,39.810629
379,116.544234,39.810754
380,116.544105,39.810929
381,116.543933,39.8108
382,116.54086,39.808507
383,116.536993,39.807045
384,116.53671,39.806934
385,116.530043,39.804404
386,116.527002,39.80293
387,116.529564,39.799593
388,116.53271,39.801148
389,116.539061,39.804175
390,116.539292,39.80429
391,116.539783,39.804532
392,116.524398,39.805999
393,116.523381,39.805553
394,116.527698,39.807597
395,116.53378,39.810468
396,116.533977,39.810547
397,116.514468,39.816706
398,116.51559,39.814343
399,116.516904,39.812836
400,116.517181,39.812531
401,116.519519,39.809918
402,116.542986,39.806047
403,116.546476,39.807694
404,116.54667,39.807785
405,116.551002,39.808253
406,116.551224,39.808257
407,116.546835,39.817489
408,116.606184,39.718655
409,116.563732,39.801858
410,116.564021,39.801858
411,116.561788,39.766781
412,116.552806,39.765925
413,116.55262,39.765764
414,116.561814,39.766671
415,116.561911,39.766678
416,116.553188,39.767941
417,116.517393,39.818033
418,116.519987,39.819248
419,116.552147,39.765896
420,116.552456,39.765445
421,116.555267,39.758014
422,116.553361,39.75815
423,116.550163,39.757193
424,116.543881,39.755323
425,116.539994,39.754235
426,116.539859,39.754211
427,116.532851,39.751368
428,116.53285,39.751288
429,116.532813,39.748714
430,116.532803,39.74573
431,116.539853,39.751148
432,116.539734,39.751154
433,116.536198,39.751259
434,116.531183,39.752167
435,116.539929,39.755501
436,116.538213,39.755589
437,116.537458,39.759547
438,116.538663,39.758728
439,116.538425,39.757105
440,116.538025,39.754228
441,116.538016,39.754168
442,116.536142,39.748663
443,116.539587,39.74869
444,116.523442,39.741878
445,116.531093,39.752071
446,116.532706,39.754315
447,116.532767,39.754393
448,116.534866,39.757251
449,116.536132,39.746002
450,116.536196,39.751173
451,116.536252,39.754196
452,116.536254,39.754278
453,116.540016,39.757052
454,116.539859,39.754104
455,116.571063,39.755389
456,116.569183,39.7577
457,116.566555,39.760938
458,116.56645,39.761059
459,116.564715,39.763235
460,116.57269,39.766385
461,116.572619,39.766348
462,116.564584,39.763196
463,116.554913,39.76235
464,116.581525,39.757393
465,116.580243,39.758766
466,116.580197,39.758814
467,116.577774,39.761293
468,116.575332,39.763731
469,116.575245,39.763819
470,116.5691,39.757668
471,116.577694,39.761256
472,116.566117,39.771333
473,116.55965,39.802321
474,116.557113,39.800274
475,116.554105,39.798812
476,116.553946,39.798719
477,116.566018,39.768953
478,116.565814,39.771302
479,116.566066,39.772137
480,116.566039,39.772252
481,116.565714,39.774579
482,116.557636,39.783553
483,116.557551,39.783649
484,116.554862,39.786565
485,116.552143,39.789519
486,116.548131,39.793913
487,116.54688,39.795305
488,116.546729,39.795473
489,116.544256,39.798387
490,116.544139,39.798526
491,116.541687,39.801442
492,116.531568,39.813512
493,116.53142,39.81367
494,116.529189,39.816449
495,116.529098,39.816559
496,116.526636,39.819331
497,116.55702,39.800417
498,116.554365,39.803308
499,116.554255,39.803411
500,116.551091,39.805984
501,116.551164,39.784747
502,116.548441,39.787723
503,116.548014,39.783198
504,116.554646,39.786453
505,116.551168,39.756529
506,116.552626,39.754156
507,116.553377,39.752801
508,116.539999,39.754105
509,116.543914,39.755256
510,116.549019,39.756767
511,116.550209,39.757114
512,116.552429,39.757786
513,116.553404,39.758081
514,116.556746,39.752505
515,116.554855,39.755873
516,116.550481,39.756476
517,116.555042,39.756901
518,116.553504,39.760507
519,116.553359,39.759444
520,116.553348,39.759362
521,116.550745,39.762538
522,116.55099,39.764476
523,116.55112,39.76482
524,116.551327,39.765457
525,116.545011,39.763418
526,116.545748,39.764019
527,116.551063,39.765429
528,116.548016,39.763559
529,116.547999,39.761788
530,116.490612,39.807913
531,116.49068,39.807827
532,116.492383,39.80574
533,116.504932,39.814881
534,116.50478,39.814972
535,116.508998,39.812206
536,116.508676,39.812427
537,116.508679,39.812218
538,116.509004,39.811997
539,116.504586,39.814938
540,116.504755,39.81484
541,116.513769,39.807693
542,116.52136,39.800368
543,116.506102,39.813987
544,116.505066,39.811947
545,116.503146,39.81422
546,116.504025,39.791772
547,116.502228,39.793979
548,116.501452,39.794932
549,116.496224,39.801353
550,116.494454,39.803559
551,116.474307,39.799166
552,116.474384,39.799076
553,116.507031,39.793083
554,116.506937,39.79321
555,116.511889,39.786994
556,116.511973,39.787035
557,116.496266,39.801302
558,116.504111,39.791669
559,116.51695,39.780779
560,116.516823,39.781049
561,116.520638,39.782915
562,116.516733,39.781005
563,116.520972,39.782753
564,116.520782,39.782981
565,116.518417,39.785877
566,116.518377,39.785926
567,116.496075,39.801209
568,116.503818,39.791676
569,116.506831,39.793163
570,116.506934,39.793043
571,116.514225,39.779119
572,116.481549,39.79735
573,116.479205,39.796653
574,116.476585,39.795873
575,116.481896,39.804009
576,116.481952,39.803938
577,116.484728,39.80062
578,116.530121,39.770332
579,116.536685,39.763343
580,116.497117,39.801742
581,116.497658,39.802007
582,116.499127,39.802728
583,116.496408,39.80137
584,116.496369,39.801423
585,116.473319,39.800824
586,116.502314,39.79536
587,116.502723,39.795554
588,116.502841,39.795609
589,116.504352,39.796324
590,116.507412,39.789083
591,116.507877,39.789308
592,116.509456,39.790072
593,116.511317,39.790973
594,116.513178,39.791911
595,116.513356,39.791983
596,116.489357,39.802663
597,116.478717,39.799714
598,116.479585,39.799839
599,116.492657,39.798631
600,116.494714,39.796114
601,116.491551,39.800013
602,116.49207,39.79931
603,116.492133,39.79934
604,116.495161,39.8008
605,116.495925,39.801138
606,116.495885,39.801188
607,116.487552,39.797132
608,116.486801,39.794576
609,116.511381,39.787697
610,116.512501,39.786321
611,116.514404,39.783996
612,116.514444,39.783944
613,116.507599,39.792339
614,116.516371,39.781541
615,116.516591,39.781188
616,116.510671,39.788574
617,116.515411,39.782739
618,116.506408,39.793805
619,116.517084,39.780616
620,116.51979,39.77728
621,116.519955,39.777076
622,116.518286,39.785808
623,116.515913,39.788956
624,116.514591,39.790521
625,116.510993,39.79493
626,116.51079,39.79519
627,116.523933,39.779063
628,116.483394,39.795111
629,116.478266,39.801429
630,116.478857,39.800697
631,116.477449,39.802354
632,116.477515,39.802275
633,116.477603,39.802308
634,116.477541,39.802388
635,116.504245,39.791743
636,116.505301,39.792252
637,116.5089,39.793892
638,116.510809,39.794832
639,116.512924,39.79587
640,116.514951,39.796843
641,116.516702,39.79768
642,116.518599,39.798587
643,116.514395,39.77927
644,116.516767,39.780693
645,116.527744,39.786334
646,116.52752,39.786226
647,116.526122,39.785554
648,116.524742,39.784889
649,116.518803,39.782014
650,116.516925,39.7811
651,116.475183,39.797811
652,116.476401,39.795808
653,116.481267,39.789613
654,116.478595,39.792631
655,116.478477,39.792775
656,116.513796,39.787924
657,116.515805,39.788903
658,116.519868,39.790884
659,116.52129,39.791577
660,116.522966,39.792389
661,116.523091,39.792435
662,116.49295,39.790793
663,116.494477,39.788947
664,116.495525,39.787655
665,116.51537,39.784424
666,116.516272,39.784858
667,116.517678,39.785535
668,116.511303,39.782469
669,116.511513,39.782569
670,116.51928,39.786311
671,116.522339,39.787798
672,116.513486,39.783509
673,116.51824,39.785855
674,116.497242,39.797352
675,116.498502,39.797969
676,116.493832,39.793454
677,116.554459,39.76246
678,116.554633,39.762201
679,116.554805,39.762179
680,116.554602,39.762483
681,116.552587,39.765501
682,116.538681,39.761615
683,116.537938,39.762373
684,116.576144,39.753641
685,116.576122,39.753837
686,116.579007,39.738846
687,116.58004,39.739007
688,116.496483,39.786519
689,116.498836,39.791058
690,116.580312,39.739052
691,116.583058,39.739363
692,116.583635,39.739431
693,116.585277,39.739626
694,116.585409,39.739641
695,116.587394,39.739911
696,116.504962,39.811172
697,116.502335,39.786686
698,116.499908,39.78968
699,116.498787,39.776536
700,116.521661,39.799993
701,116.530638,39.788213
702,116.521824,39.800059
703,116.521502,39.800447
704,116.514453,39.808153
705,116.508669,39.785455
706,116.50883,39.785528
707,116.509378,39.78577
708,116.510362,39.786249
709,116.538543,39.727889
710,116.538619,39.727894
711,116.551329,39.728267
712,116.564421,39.729091
713,116.571123,39.729193
714,116.574147,39.729175
715,116.575981,39.729165
716,116.578317,39.729189
717,116.576264,39.752302
718,116.576646,39.74804
719,116.576726,39.747143
720,116.57696,39.744632
721,116.577186,39.741559
722,116.580265,39.739269
723,116.556049,39.747979
724,116.56028,39.75213
725,116.557977,39.746695
726,116.572499,39.754267
727,116.571414,39.753883
728,116.545232,39.739853
729,116.545173,39.736916
730,116.539353,39.739926
731,116.539251,39.739925
732,116.535256,39.739954
733,116.571977,39.753733
734,116.573204,39.754123
735,116.555629,39.748484
736,116.556793,39.746878
737,116.557129,39.746943
738,116.578937,39.755274
739,116.556235,39.747756
740,116.55593,39.748097
741,116.557425,39.744434
742,116.558044,39.740685
743,116.558625,39.737206
744,116.556014,39.747087
745,116.557767,39.747421
746,116.551218,39.732251
747,116.563911,39.732002
748,116.564377,39.732045
749,116.551017,39.740085
750,116.551112,39.740091
751,116.557204,39.747525
752,116.555166,39.746776
753,116.478897,39.798397
754,116.475367,39.797879
755,116.498346,39.806706
756,116.495685,39.810057
757,116.501591,39.795001
758,116.497339,39.792909
759,116.478713,39.792882
760,116.478233,39.792865
761,116.478313,39.792703
762,116.473795,39.791024
763,116.574331,39.68472
764,116.574894,39.684682
765,116.577114,39.686572
766,116.57804,39.686568
767,116.579173,39.686576
768,116.57995,39.686568
769,116.580665,39.686559
770,116.581388,39.686551
771,116.582088,39.686544
772,116.582819,39.686536
773,116.583626,39.686527
774,116.584327,39.686519
775,116.585043,39.686511
776,116.586245,39.686501
777,116.587136,39.686487
778,116.511567,39.812561
779,116.526477,39.819246
780,116.569061,39.772402
781,116.565776,39.772223
782,116.557309,39.771791
783,116.555669,39.771662
784,116.554814,39.771582
785,116.56579,39.7803
786,116.561179,39.785297
787,116.561087,39.785402
788,116.558463,39.788265
789,116.555727,39.791235
790,116.551681,39.795635
791,116.550397,39.797038
792,116.550257,39.79719
793,116.547829,39.800138
794,116.547721,39.800269
795,116.545336,39.803164
796,116.552549,39.770485
797,116.555694,39.77159
798,116.547045,39.767851
799,116.55733,39.771684
800,116.565785,39.772109
801,116.544583,39.767316
802,116.498812,39.776624
803,116.498821,39.776704
804,116.486581,39.806106
805,116.482043,39.804071
806,116.491042,39.807988
807,116.493253,39.808974
808,116.493767,39.804624
809,116.515432,39.792964
810,116.517447,39.793934
811,116.519071,39.794729
812,116.520724,39.795562
813,116.498377,39.803668
814,116.496569,39.805916
815,116.50027,39.804592
816,116.502293,39.805594
817,116.504416,39.806588
818,116.500246,39.79881
819,116.50518,39.805655
820,116.507733,39.802426
821,116.510327,39.799263
822,116.501015,39.803641
823,116.501749,39.802741
824,116.503626,39.800441
825,116.506239,39.797239
826,116.508687,39.794178
827,116.512257,39.789817
828,116.512533,39.789478
829,116.514593,39.786937
830,116.515378,39.785965
831,116.503684,39.791611
832,116.501602,39.790602
833,116.499877,39.789767
834,116.491191,39.785554
835,116.486725,39.783406
836,116.540117,39.79203
837,116.543136,39.793488
838,116.546651,39.795186
839,116.546502,39.795358
840,116.54298,39.793654
841,116.539979,39.792202
842,116.537036,39.790788
843,116.545383,39.786266
844,116.550467,39.780247
845,116.550554,39.780146
846,116.552354,39.781047
847,116.552285,39.781141
848,116.559451,39.802406
849,116.538101,39.720298
850,116.525811,39.723619
851,116.538925,39.816822
852,116.539091,39.816891
853,116.538987,39.817021
854,116.538802,39.816942
855,116.562009,39.789983
856,116.562121,39.790037
857,116.565166,39.791538
858,116.503001,39.804636
859,116.507245,39.806653
860,116.498677,39.776562
861,116.557385,39.78342
862,116.564782,39.786977
863,116.564907,39.787037
864,116.567364,39.788245
865,116.562515,39.794449
866,116.562446,39.794525
867,116.561135,39.795945
868,116.559392,39.79303
869,116.559262,39.792966
870,116.554439,39.790619
871,116.551908,39.789392
872,116.553943,39.799002
873,116.551472,39.801916
874,116.551224,39.802007
875,116.551285,39.801829
876,116.553759,39.798916
877,116.564678,39.787104
878,116.568046,39.781375
879,116.566403,39.760951
880,116.575263,39.763697
881,116.547842,39.751232
882,116.547834,39.751294
883,116.54785,39.75395
884,116.547946,39.754357
885,116.539847,39.751077
886,116.544122,39.751164
887,116.544377,39.751166
888,116.550787,39.751295
889,116.550896,39.751295
890,116.544371,39.753888
891,116.494633,39.800545
892,116.495516,39.777491
893,116.495546,39.777572
894,116.496723,39.780955
895,116.514455,39.790448
896,116.508227,39.798248
897,116.505648,39.801416
898,116.50376,39.8037
899,116.500666,39.807692
900,116.512673,39.776177
901,116.512725,39.776163
902,116.519783,39.776991
903,116.518706,39.798434
904,116.525319,39.789252
905,116.505043,39.787947
906,116.506203,39.7885
907,116.48401,39.786465
908,116.531764,39.768744
909,116.585079,39.684692
910,116.585063,39.685508
911,116.585053,39.685979
912,116.585049,39.686206
913,116.585065,39.687534
914,116.58507,39.68778
915,116.585075,39.688038
916,116.620558,39.690703
917,116.611285,39.690378
918,116.607782,39.690246
919,116.601655,39.690029
920,116.596107,39.689835
921,116.595491,39.689814
922,116.59356,39.689742
923,116.590369,39.689623
924,116.58749,39.684193
925,116.587368,39.683765
926,116.587006,39.682481
927,116.521649,39.775014
928,116.501309,39.81071
929,116.503783,39.81184
930,116.499572,39.811789
931,116.503873,39.809118
932,116.495959,39.805599
933,116.495799,39.805631
934,116.493307,39.805206
935,116.492935,39.805663
936,116.492163,39.806612
937,116.491662,39.807227
938,116.505629,39.789204
939,116.497901,39.798967
940,116.497935,39.798666
941,116.510534,39.783431
942,116.510569,39.783123
943,116.500491,39.795786
944,116.500551,39.795446
945,116.495347,39.801852
946,116.503015,39.792671
947,116.503062,39.792371
948,116.508051,39.786488
949,116.508086,39.786174
950,116.493278,39.804406
951,116.512098,39.774741
952,116.498654,39.798043
953,116.501264,39.794837
954,116.507321,39.787719
955,116.507263,39.788017
956,116.509758,39.784704
957,116.509737,39.784958
958,116.506554,39.788668
959,116.525273,39.77052
960,116.502184,39.794272
961,116.504905,39.790694
962,116.504875,39.790966
963,116.512239,39.781654
964,116.512221,39.781894
965,116.494414,39.803827
966,116.499615,39.797202
967,116.499578,39.79748
968,116.497022,39.800379
969,116.497007,39.800636
970,116.513703,39.780068
971,116.511631,39.782622
972,116.539937,39.759497
973,116.539701,39.751084
974,116.539446,39.745494
975,116.539445,39.745322
976,116.506685,39.788732
977,116.501109,39.794761
978,116.523733,39.788464
979,116.522661,39.78983
980,116.498858,39.798138
981,116.509015,39.785604
982,116.513277,39.779814
983,116.513354,39.77953
984,116.50916,39.78567
985,116.498989,39.798204
986,116.501738,39.799529
987,116.509458,39.803259
988,116.511139,39.804071
989,116.512777,39.804909
990,116.495609,39.787552
991,116.501265,39.783876
992,116.501402,39.783846
993,116.485987,39.791868
994,116.488637,39.788711
995,116.514729,39.797114
996,116.512193,39.800107
997,116.507513,39.774423
998,116.507482,39.774348
999,116.507102,39.784684
1000,116.507545,39.784902
1001,116.513533,39.810962
1002,116.565417,39.774497
1003,116.568766,39.775195
1004,116.514547,39.779949
1005,116.537796,39.764041
1006,116.529607,39.763392
1007,116.524449,39.765369
1008,116.5231,39.765885
1009,116.529323,39.781618
1010,116.525409,39.765001
1011,116.532095,39.76242
1012,116.527698,39.764124
1013,116.534482,39.762215
1014,116.528653,39.769637
1015,116.539468,39.765097
1016,116.543111,39.766985
1017,116.522923,39.783693
1018,116.525943,39.779997
1019,116.51394,39.800946
1020,116.50834,39.807183
1021,116.536911,39.763492
1022,116.511127,39.773064
1023,116.498712,39.776732
1024,116.555827,39.747232
1025,116.554416,39.746699
1026,116.57153,39.754668
1027,116.567813,39.752377
1028,116.53027,39.77041
1029,116.564316,39.750635
1030,116.577011,39.755153
1031,116.58045,39.755678
1032,116.57624,39.754993
1033,116.57616,39.755099
1034,116.52026,39.777215
1035,116.526914,39.780445
1036,116.5295,39.781706
1037,116.530349,39.782132
1038,116.498691,39.776656
1039,116.486959,39.78313
1040,116.478064,39.792606
1041,116.51419,39.77983
1042,116.511157,39.782402
1043,116.512015,39.78134
1044,116.486981,39.783529
1045,116.503767,39.791491
1046,116.515583,39.782523
1047,116.516043,39.780672
1048,116.508248,39.781016
1049,116.509587,39.781679
1050,116.507441,39.778963
1051,116.520061,39.776943
1052,116.539363,39.77479
1053,116.504165,39.791838
1054,116.512893,39.783227
1055,116.509567,39.807776
1056,116.505122,39.809673
1057,116.492427,39.804028
1058,116.486645,39.806026
1059,116.585853,39.734811
1060,116.585904,39.734504
1061,116.587732,39.728777
1062,116.589779,39.721889
1063,116.537947,39.716493
1064,116.551635,39.717217
1065,116.555362,39.717409
1066,116.558851,39.717575
1067,116.563934,39.717808
1068,116.56858,39.718097
1069,116.581325,39.695544
1070,116.581362,39.697939
1071,116.590006,39.719072
1072,116.587932,39.721431
1073,116.574594,39.699958
1074,116.578205,39.700122
1075,116.581356,39.700244
1076,116.584653,39.700397
1077,116.587965,39.700514
1078,116.589431,39.700566
1079,116.574663,39.69767
1080,116.578185,39.697831
1081,116.584694,39.69808
1082,116.586914,39.698128
1083,116.579131,39.720584
1084,116.589087,39.721819
1085,116.589504,39.721866
1086,116.591432,39.722201
1087,116.592419,39.722404
1088,116.583051,39.744726
1089,116.583713,39.744714
1090,116.583901,39.743744
1091,116.584112,39.742991
1092,116.584643,39.741531
1093,116.564237,39.750716
1094,116.58518,39.744862
1095,116.585611,39.736262
1096,116.562465,39.741201
1097,116.580151,39.758769
1098,116.535228,39.741966
1099,116.535295,39.743556
1100,116.542144,39.743269
1101,116.542256,39.744075
1102,116.542374,39.744929
1103,116.54723,39.761578
1104,116.492804,39.80498
1105,116.482101,39.803999
1106,116.473527,39.800903
1107,116.499057,39.793765
1108,116.570981,39.755354
1109,116.581436,39.75738
1110,116.59595,39.728486
1111,116.608911,39.727834
1112,116.5383,39.723798
1113,116.540685,39.723945
1114,116.541944,39.724228
1115,116.551419,39.725042
1116,116.555311,39.724893
1117,116.560056,39.724304
1118,116.56167,39.724408
1119,116.56583,39.724589
1120,116.575974,39.729231
1121,116.574136,39.729243
1122,116.571125,39.729264
1123,116.564401,39.729216
1124,116.551327,39.728348
1125,116.538626,39.728009
1126,116.53855,39.728006
1127,116.53548,39.734926
1128,116.538921,39.734907
1129,116.539049,39.734906
1130,116.54205,39.734847
1131,116.578705,39.749794
1132,116.578938,39.748012
1133,116.558139,39.721189
1134,116.555202,39.72125
1135,116.551522,39.721327
1136,116.620496,39.690997
1137,116.620261,39.69213
1138,116.619946,39.69365
1139,116.619148,39.697788
1140,116.617449,39.703879
1141,116.617003,39.705256
1142,116.585321,39.743945
1143,116.579848,39.747064
1144,116.579634,39.747962
1145,116.580995,39.749733
1146,116.581141,39.748119
1147,116.585487,39.743212
1148,116.540436,39.725502
1149,116.540828,39.721319
1150,116.582466,39.748268
1151,116.582649,39.74705
1152,116.565622,39.745988
1153,116.554466,39.752705
1154,116.554017,39.752745
1155,116.583523,39.748397
1156,116.580285,39.74803
1157,116.579566,39.747967
1158,116.591808,39.720995
1159,116.588731,39.722344
1160,116.591013,39.71926
1161,116.567348,39.788425
1162,116.564796,39.787161
1163,116.557288,39.783526
1164,116.58132,39.702013
1165,116.581296,39.70443
1166,116.565135,39.702551
1167,116.566174,39.702421
1168,116.567393,39.702269
1169,116.572413,39.701738
1170,116.57454,39.701478
1171,116.574526,39.701827
1172,116.578178,39.701933
1173,116.58461,39.702064
1174,116.601643,39.706227
1175,116.594947,39.705238
1176,116.58455,39.704626
1177,116.579105,39.704291
1178,116.578148,39.704237
1179,116.57425,39.703958
1180,116.588116,39.718682
1181,116.593677,39.719622
1182,116.578308,39.695366
1183,116.529156,39.69423
1184,116.530275,39.694255
1185,116.530724,39.694256
1186,116.532282,39.694376
1187,116.533365,39.694453
1188,116.53445,39.694553
1189,116.535249,39.69463
1190,116.535509,39.69465
1191,116.53354,39.691924
1192,116.533483,39.693221
1193,116.533355,39.69561
1194,116.533279,39.698317
1195,116.533189,39.701857
1196,116.533112,39.705243
1197,116.533,39.709203
1198,116.524914,39.695974
1199,116.525721,39.695954
1200,116.529974,39.695762
1201,116.53004,39.695759
1202,116.530522,39.695733
1203,116.534349,39.69556
1204,116.535168,39.695518
1205,116.53638,39.695457
1206,116.54123,39.695205
1207,116.54187,39.69517
1208,116.544994,39.695003
1209,116.546655,39.694913
1210,116.547481,39.694869
1211,116.548186,39.694828
1212,116.548968,39.694784
1213,116.549745,39.69474
1214,116.551547,39.694635
1215,116.552401,39.694584
1216,116.553251,39.694533
1217,116.554081,39.694484
1218,116.559389,39.690076
1219,116.559387,39.68854
1220,116.559385,39.686404
1221,116.54397,39.689227
1222,116.544366,39.686508
1223,116.542834,39.689094
1224,116.543261,39.686244
1225,116.551525,39.6927
1226,116.552397,39.692692
1227,116.553242,39.692685
1228,116.554138,39.692677
1229,116.555522,39.692681
1230,116.556389,39.692684
1231,116.557265,39.692687
1232,116.558154,39.69269
1233,116.558814,39.692692
1234,116.559673,39.692694
1235,116.560019,39.692695
1236,116.56397,39.692719
1237,116.563878,39.692045
1238,116.565178,39.692068
1239,116.565928,39.69208
1240,116.566645,39.692093
1241,116.567407,39.692105
1242,116.568147,39.692118
1243,116.568927,39.692131
1244,116.569751,39.692145
1245,116.546408,39.692317
1246,116.546522,39.693517
1247,116.546587,39.694196
1248,116.541929,39.69263
1249,116.544884,39.693625
1250,116.547312,39.693468
1251,116.548051,39.693421
1252,116.548827,39.693373
1253,116.549598,39.693332
1254,116.549472,39.692116
1255,116.548708,39.69217
1256,116.547935,39.692212
1257,116.547241,39.692263
1258,116.54479,39.692437
1259,116.563209,39.696122
1260,116.560039,39.694412
1261,116.559655,39.69441
1262,116.558814,39.694403
1263,116.558139,39.694398
1264,116.557278,39.694391
1265,116.557273,39.69368
1266,116.55725,39.691097
1267,116.556353,39.690901
1268,116.5555,39.690945
1269,116.554117,39.691345
1270,116.553236,39.691566
1271,116.552396,39.691778
1272,116.551534,39.693474
1273,116.538167,39.721411
1274,116.542138,39.72136
1275,116.534759,39.692264
1276,116.560325,39.720666
1277,116.563048,39.721092
1278,116.565581,39.721564
1279,116.566976,39.721805
1280,116.532446,39.693223
1281,116.530853,39.693185
1282,116.530803,39.693604
1283,116.563032,39.737372
1284,116.574993,39.738314
1285,116.538365,39.72436
1286,116.538924,39.733023
1287,116.539187,39.736937
1288,116.567969,39.781944
1289,116.569063,39.772285
1290,116.573124,39.733019
1291,116.568677,39.732429
1292,116.575569,39.733171
1293,116.577946,39.73322
1294,116.535251,39.73697
1295,116.539105,39.736938
1296,116.542151,39.736927
1297,116.551121,39.736917
1298,116.506394,39.810254
1299,116.501865,39.812843
1300,116.503211,39.814441
1301,116.503017,39.814647
1302,116.520916,39.810585
1303,116.507162,39.815204
1304,116.507487,39.815246
1305,116.575584,39.684682
1306,116.576977,39.690256
1307,116.574901,39.690282
1308,116.569831,39.69073
1309,116.585082,39.688193
1310,116.585036,39.689544
1311,116.584996,39.690716
1312,116.584908,39.692714
1313,116.584885,39.69316
1314,116.584749,39.695746
1315,116.584452,39.709189
1316,116.584192,39.715559
1317,116.539434,39.743769
1318,116.539533,39.743782
1319,116.550924,39.744184
1320,116.551025,39.744184
1321,116.58689,39.682107
1322,116.560035,39.690833
1323,116.561261,39.68856
1324,116.561307,39.685916
1325,116.574953,39.687562
1326,116.573092,39.68754
1327,116.571502,39.687495
1328,116.570034,39.687468
1329,116.556416,39.69368
1330,116.556436,39.694398
1331,116.555544,39.694401
1332,116.565083,39.687253
1333,116.564075,39.68855
1334,116.564103,39.689597
1335,116.586228,39.685715
1336,116.565121,39.688532
1337,116.565135,39.689171
1338,116.586693,39.681224
1339,116.557431,39.68854
1340,116.563006,39.688554
1341,116.567979,39.688528
1342,116.550867,39.745451
1343,116.564488,39.750477
1344,116.570497,39.753188
1345,116.563769,39.750149
1346,116.563519,39.750385
1347,116.617069,39.705885
1348,116.560952,39.750499
1349,116.561011,39.750549
1350,116.556452,39.746707
1351,116.560718,39.750556
1352,116.559998,39.749976
1353,116.617194,39.70703
1354,116.61708,39.707652
1355,116.61693,39.70823
1356,116.616902,39.708427
1357,116.614145,39.71708
1358,116.609086,39.71896
1359,116.567291,39.750265
1360,116.558018,39.747889
1361,116.566985,39.75024
1362,116.564444,39.750129
1363,116.605769,39.718966
1364,116.606044,39.718623
1365,116.605903,39.718998
1366,116.516439,39.698341
1367,116.51675,39.698415
1368,116.517245,39.698834
1369,116.532378,39.693703
1370,116.533812,39.713031
1371,116.528852,39.714504
1372,116.537275,39.684792
1373,116.541323,39.685788
1374,116.545743,39.686838
1375,116.550711,39.68795
1376,116.553585,39.687538
1377,116.555172,39.687279
1378,116.557427,39.686849
1379,116.562986,39.68547
1380,116.568515,39.683744
1381,116.570211,39.683223
1382,116.572363,39.682749
1383,116.573552,39.682743
1384,116.574125,39.682725
1385,116.57954,39.6822
1386,116.583533,39.681581
1387,116.504042,39.811694
1388,116.515777,39.801857
1389,116.517828,39.79958
1390,116.521595,39.788726
1391,116.521238,39.789172
1392,116.518602,39.792479
1393,116.54277,39.764294
1394,116.538834,39.733029
1395,116.538691,39.730474
1396,116.575181,39.763784
1397,116.539458,39.741904
1398,116.539573,39.744822
1399,116.539578,39.745023
1400,116.566408,39.796422
1401,116.566423,39.796314
1402,116.566976,39.792334
1403,116.567198,39.790006
1404,116.523822,39.813048
1405,116.524511,39.81337
1406,116.524797,39.813504
1407,116.52527,39.813725
1408,116.524868,39.814239
1409,116.526001,39.814079
1410,116.525051,39.81318
1411,116.51942,39.713369
1412,116.539371,39.741905
1413,116.534871,39.730498
1414,116.554067,39.691028
1415,116.55411,39.691291
1416,116.55383,39.69842
1417,116.553628,39.701961
1418,116.553457,39.704995
1419,116.553196,39.709649
1420,116.57914,39.684171
1421,116.580659,39.686096
1422,116.580658,39.686007
1423,116.58065,39.685536
1424,116.580645,39.685295
1425,116.579937,39.685051
1426,116.57913,39.685062
1427,116.578084,39.685063
1428,116.577109,39.685315
1429,116.57711,39.685559
1430,116.577112,39.68603
1431,116.577113,39.68627
1432,116.576962,39.69063
1433,116.57682,39.694077
1434,116.57677,39.695273
1435,116.576307,39.687176
1436,116.578077,39.685315
1437,116.57807,39.685553
1438,116.578056,39.686024
1439,116.578049,39.686262
1440,116.578063,39.687624
1441,116.57305,39.688876
1442,116.572509,39.685699
1443,116.571451,39.688832
1444,116.544759,39.691988
1445,116.544772,39.692216
1446,116.544938,39.694298
1447,116.548895,39.694053
1448,116.548116,39.694101
1449,116.549668,39.694006
1450,116.544442,39.817972
1451,116.556892,39.800359
1452,116.539587,39.745322
1453,116.5396,39.74549
1454,116.540218,39.758731
1455,116.539461,39.760612
1456,116.53945,39.745028
1457,116.539466,39.74482
1458,116.542063,39.762624
1459,116.543804,39.760841
1460,116.544352,39.756976
1461,116.579717,39.715059
1462,116.578813,39.724141
1463,116.571251,39.723803
1464,116.550503,39.754352
1465,116.518239,39.798761
1466,116.56385,39.691145
1467,116.566705,39.68995
1468,116.56668,39.690843
1469,116.56662,39.692827
1470,116.566518,39.694728
1471,116.566945,39.698644
1472,116.567867,39.705953
1473,116.567694,39.708326
1474,116.56745,39.710699
1475,116.567167,39.713443
1476,116.57036,39.713952
1477,116.580217,39.715128
1478,116.569852,39.690285
1479,116.569849,39.69034
1480,116.578425,39.708838
1481,116.578376,39.709184
1482,116.571532,39.711043
1483,116.574145,39.711301
1484,116.56868,39.686298
1485,116.566299,39.723365
1486,116.572463,39.708731
1487,116.581278,39.709431
1488,116.568825,39.698419
1489,116.572047,39.698029
1490,116.566599,39.706098
1491,116.563035,39.689991
1492,116.553671,39.688159
1493,116.553689,39.688294
1494,116.553899,39.689811
1495,116.568207,39.690289
1496,116.568188,39.69086
1497,116.568135,39.692856
1498,116.568131,39.693087
1499,116.562492,39.722757
1500,116.564995,39.723191
1501,116.572162,39.692934
1502,116.579133,39.684528
1503,116.577555,39.73493
1504,116.577731,39.734932
1505,116.575314,39.734912
1506,116.586559,39.683151
1507,116.586917,39.684305
1508,116.56747,39.689941
1509,116.567444,39.690852
1510,116.567386,39.692819
1511,116.567385,39.692867
1512,116.579119,39.684677
1513,116.579137,39.685298
1514,116.579144,39.685546
1515,116.579157,39.686017
1516,116.579164,39.686253
1517,116.579969,39.687609
1518,116.580711,39.687596
1519,116.577782,39.734932
1520,116.569834,39.690669
1521,116.577656,39.738306
1522,116.582794,39.685122
1523,116.582797,39.685304
1524,116.582801,39.685523
1525,116.582809,39.685994
1526,116.582813,39.686224
1527,116.582836,39.687475
1528,116.584349,39.68754
1529,116.585902,39.687514
1530,116.614894,39.697526
1531,116.615348,39.69534
1532,116.617752,39.693408
1533,116.563546,39.750813
1534,116.552267,39.76598
1535,116.595499,39.728482
1536,116.585795,39.735155
1537,116.574744,39.695187
1538,116.591048,39.696115
1539,116.595272,39.696363
1540,116.601537,39.69673
1541,116.607217,39.697063
1542,116.607552,39.697083
1543,116.554081,39.75389
1544,116.554593,39.75386
1545,116.554645,39.754323
1546,116.516297,39.690481
1547,116.517321,39.69404
1548,116.517498,39.694659
1549,116.517777,39.695821
1550,116.517071,39.69749
1551,116.513609,39.80929
1552,116.554835,39.759342
1553,116.548831,39.763586
1554,116.567036,39.750309
1555,116.567233,39.750213
1556,116.560775,39.750603
1557,116.514347,39.808246
1558,116.514248,39.808328
1559,116.51366,39.807784
1560,116.513562,39.807867
1561,116.519669,39.693996
1562,116.519688,39.694571
1563,116.519723,39.695657
1564,116.519744,39.696302
1565,116.522559,39.695583
1566,116.521652,39.695606
1567,116.520746,39.69563
1568,116.518787,39.695679
1569,116.517883,39.6957
1570,116.518807,39.696267
1571,116.518728,39.694607
1572,116.518698,39.694042
1573,116.520672,39.694545
1574,116.521588,39.694522
1575,116.522518,39.694497
1576,116.523443,39.694473
1577,116.524677,39.694441
1578,116.523515,39.695538
1579,116.523413,39.693894
1580,116.524214,39.693872
1581,116.522499,39.693921
1582,116.521566,39.693948
1583,116.520785,39.693973
1584,116.521685,39.696327
1585,116.52047,39.690729
1586,116.522602,39.696155
1587,116.520752,39.696505
1588,116.520637,39.693932
1589,116.531449,39.787567
1590,116.530798,39.788285
1591,116.531279,39.787505
1592,116.543275,39.776904
1593,116.518725,39.798663
1594,116.518893,39.798764
1595,116.527878,39.786399
1596,116.528089,39.786186
1597,116.52829,39.786287
1598,116.551812,39.765629
1599,116.546777,39.765011
1600,116.543775,39.764541
1601,116.572659,39.744146
1602,116.580565,39.747053
1603,116.571343,39.747359
1604,116.568256,39.747483
1605,116.566429,39.747537
1606,116.573621,39.705846
1607,116.574902,39.690269
1608,116.612737,39.711576
1609,116.609386,39.71634
1610,116.609037,39.719585
1611,116.609036,39.719662
1612,116.615306,39.707568
1613,116.614846,39.70753
1614,116.608879,39.70714
1615,116.608716,39.707129
1616,116.609612,39.703388
1617,116.606088,39.703165
1618,116.603057,39.702996
1619,116.595122,39.702509
1620,116.515243,39.785879
1621,116.544373,39.751239
1622,116.54438,39.751422
1623,116.550785,39.746713
1624,116.550897,39.746721
1625,116.550998,39.74673
1626,116.553888,39.74877
1627,116.543767,39.764467
1628,116.563722,39.788315
1629,116.550983,39.745705
1630,116.546351,39.745409
1631,116.546398,39.746668
1632,116.546414,39.746804
1633,116.546288,39.746668
1634,116.550361,39.746548
1635,116.550961,39.745047
1636,116.550895,39.751364
1637,116.550879,39.752464
1638,116.550791,39.751362
1639,116.549044,39.804926
1640,116.548942,39.805048
1641,116.536547,39.819988
1642,116.536369,39.819968
1643,116.536437,39.819886
1644,116.548767,39.804971
1645,116.548863,39.804856
1646,116.551091,39.805833
1647,116.554119,39.803366
1648,116.554243,39.803241
1649,116.543433,39.776985
1650,116.54365,39.776534
1651,116.540637,39.775346
1652,116.540539,39.775453
1653,116.503337,39.814676
1654,116.502805,39.813767
1655,116.502582,39.814423
1656,116.502777,39.813848
1657,116.494281,39.807559
1658,116.565303,39.800062
1659,116.563534,39.797122
1660,116.56424,39.795395
1661,116.564311,39.795334
1662,116.566148,39.798293
1663,116.565985,39.799467
1664,116.511152,39.778118
1665,116.51049,39.778283
1666,116.509251,39.779824
1667,116.509129,39.779968
1668,116.5117,39.78119
1669,116.51399,39.781888
1670,116.514022,39.781848
1671,116.511187,39.779053
1672,116.514049,39.780313
1673,116.514312,39.778764
1674,116.515545,39.779839
1675,116.511684,39.781216
1676,116.515245,39.787242
1677,116.519601,39.787548
1678,116.518078,39.786963
1679,116.518872,39.788307
1680,116.507033,39.792077
1681,116.503603,39.794514
1682,116.530886,39.752306
1683,116.530803,39.752201
1684,116.57994,39.68529
1685,116.579943,39.685541
1686,116.579949,39.686012
1687,116.579952,39.686247
1688,116.580008,39.690622
1689,116.584715,39.6907
1690,116.581989,39.6907
1691,116.576963,39.690625
1692,116.577743,39.691536
1693,116.576193,39.691544
1694,116.578445,39.692802
1695,116.586909,39.692801
1696,116.590294,39.692947
1697,116.59539,39.693136
1698,116.599085,39.693322
1699,116.607611,39.694426
1700,116.607686,39.691129
1701,116.609171,39.696502
1702,116.609273,39.694471
1703,116.609391,39.691153
1704,116.609386,39.690518
1705,116.593566,39.689747
1706,116.586885,39.690725
1707,116.58796,39.698177
1708,116.590947,39.698293
1709,116.587858,39.701746
1710,116.60121,39.707191
1711,116.605418,39.705314
1712,116.605331,39.705841
1713,116.605213,39.706894
1714,116.604982,39.708514
1715,116.604524,39.710319
1716,116.609164,39.705614
1717,116.602294,39.706683
1718,116.603711,39.706795
1719,116.606654,39.706995
1720,116.608072,39.707085
1721,116.602088,39.708331
1722,116.602262,39.706567
1723,116.603749,39.706482
1724,116.60575,39.718517
1725,116.603759,39.717919
1726,116.602899,39.713236
1727,116.603389,39.710252
1728,116.601796,39.710158
1729,116.600781,39.708245
1730,116.581946,39.687541
1731,116.580661,39.686241
1732,116.584388,39.688014
1733,116.584366,39.68779
1734,116.565902,39.692815
1735,116.565156,39.692786
1736,116.563997,39.692786
1737,116.565966,39.690818
1738,116.563862,39.694567
1739,116.56981,39.693086
1740,116.570681,39.692161
1741,116.571393,39.692162
1742,116.570832,39.694741
1743,116.568981,39.694733
1744,116.568487,39.694745
1745,116.566513,39.694724
1746,116.569083,39.693213
1747,116.571105,39.697783
1748,116.562493,39.69843
1749,116.561465,39.698448
1750,116.560172,39.698477
1751,116.559549,39.698509
1752,116.556294,39.7097
1753,116.55644,39.707172
1754,116.558847,39.707529
1755,116.559073,39.704603
1756,116.559223,39.701985
1757,116.559271,39.701201
1758,116.559405,39.698439
1759,116.559664,39.693678
1760,116.559739,39.690856
1761,116.547425,39.698411
1762,116.541964,39.698387
1763,116.536363,39.698363
1764,116.564045,39.701106
1765,116.555597,39.70199
1766,116.55808,39.70199
1767,116.557962,39.704677
1768,116.555473,39.704838
1769,116.550447,39.701919
1770,116.556578,39.704776
1771,116.54735,39.70535
1772,116.54388,39.705486
1773,116.542186,39.70556
1774,116.536193,39.705354
1775,116.527197,39.705019
1776,116.525931,39.704974
1777,116.547381,39.694147
1778,116.547387,39.701919
1779,116.547346,39.707191
1780,116.547325,39.709531
1781,116.54243,39.713145
1782,116.542308,39.709435
1783,116.558708,39.709742
1784,116.563504,39.709836
1785,116.565187,39.704206
1786,116.566581,39.705948
1787,116.566201,39.706113
1788,116.517602,39.699337
1789,116.523664,39.696486
1790,116.524569,39.697911
1791,116.524016,39.697032
1792,116.525845,39.696768
1793,116.525915,39.696858
1794,116.529872,39.696875
1795,116.527213,39.696925
1796,116.529905,39.697548
1797,116.528076,39.697602
1798,116.527186,39.697589
1799,116.526059,39.697577
1800,116.526108,39.697862
1801,116.526252,39.698386
1802,116.528114,39.698877
1803,116.53005,39.698898
1804,116.528087,39.697833
1805,116.529926,39.697804
1806,116.531358,39.697804
1807,116.528097,39.698353
1808,116.529985,39.69832
1809,116.530401,39.701818
1810,116.530586,39.698303
1811,116.528119,39.699088
1812,116.52604,39.701826
1813,116.528663,39.709058
1814,116.536291,39.701867
1815,116.536077,39.709309
1816,116.539237,39.71129
1817,116.542068,39.70189
1818,116.525162,39.708936
1819,116.543881,39.701911
1820,116.519464,39.701805
1821,116.548385,39.701899
1822,116.535522,39.692648
1823,116.530518,39.692836
1824,116.530641,39.692012
1825,116.530952,39.690085
1826,116.530556,39.692955
1827,116.528866,39.691174
1828,116.529429,39.691426
1829,116.529853,39.69162
1830,116.530137,39.690023
1831,116.529644,39.690077
1832,116.533125,39.690263
1833,116.535603,39.690308
1834,116.5368,39.690308
1835,116.539552,39.690333
1836,116.540925,39.690478
1837,116.542963,39.690688
1838,116.535566,39.691531
1839,116.535915,39.688931
1840,116.536247,39.687928
1841,116.533302,39.688712
1842,116.533232,39.687083
1843,116.53349,39.687173
1844,116.536698,39.691481
1845,116.536875,39.689666
1846,116.539675,39.689735
1847,116.541488,39.688856
1848,116.541064,39.689863
1849,116.542964,39.690023
1850,116.538071,39.689565
1851,116.543853,39.690097
1852,116.517386,39.699055
1853,116.517714,39.699451
1854,116.51001,39.694262
1855,116.50965,39.696008
1856,116.512864,39.697185
1857,116.518878,39.696991
1858,116.512263,39.694704
1859,116.511957,39.696376
1860,116.508636,39.694163
1861,116.512966,39.696528
1862,116.51325,39.696561
1863,116.508449,39.695769
1864,116.516203,39.700724
1865,116.518246,39.704253
1866,116.51987,39.707191
1867,116.579941,39.749779
1868,116.579341,39.749787
1869,116.583385,39.749609
1870,116.581082,39.752265
1871,116.577055,39.752304
1872,116.5714,39.752224
1873,116.569933,39.752272
1874,116.528255,39.78322
1875,116.526712,39.780714
1876,116.530492,39.781947
1877,116.518403,39.799038
1878,116.527688,39.786619
1879,116.551151,39.766786
1880,116.542781,39.765574
1881,116.543651,39.764601
1882,116.543712,39.764638
1883,116.542875,39.76562
1884,116.543711,39.764508
1885,116.581378,39.685298
1886,116.582077,39.685301
1887,116.585884,39.687768
1888,116.583299,39.687805
1889,116.581384,39.686003
1890,116.582083,39.685998
1891,116.583629,39.685988
1892,116.583632,39.685517
1893,116.582079,39.685527
1894,116.58138,39.685532
1895,116.582085,39.68623
1896,116.581386,39.686236
1897,116.583628,39.686218
1898,116.594842,39.709842
1899,116.564988,39.701708
1900,116.541365,39.693711
1901,116.542755,39.694432
1902,116.550512,39.693953
1903,116.552399,39.693468
1904,116.555535,39.693681
1905,116.558168,39.690972
1906,116.558814,39.690878
1907,116.560922,39.690828
1908,116.558814,39.693678
1909,116.558145,39.693679
1910,116.553245,39.693462
1911,116.561536,39.699555
1912,116.546123,39.713361
1913,116.547335,39.711657
1914,116.542576,39.711508
1915,116.549504,39.712509
1916,116.550572,39.690217
1917,116.557396,39.688109
1918,116.55741,39.689756
1919,116.574913,39.68982
1920,116.610783,39.716557
1921,116.60832,39.71618
1922,116.60787,39.716134
1923,116.603447,39.715694
1924,116.602002,39.708325
1925,116.603511,39.708421
1926,116.606469,39.708609
1927,116.606775,39.705945
1928,116.603841,39.705734
1929,116.606836,39.705415
1930,116.617449,39.695459
1931,116.617324,39.695397
1932,116.617161,39.6955
1933,116.617286,39.695631
1934,116.617464,39.695536
1935,116.615962,39.695394
1936,116.614474,39.695202
1937,116.611743,39.694865
1938,116.614691,39.694157
1939,116.617705,39.693628
1940,116.615117,39.697219
1941,116.619111,39.695691
1942,116.541999,39.732823
1943,116.569391,39.741153
1944,116.541049,39.759052
1945,116.549059,39.756391
1946,116.542205,39.759621
1947,116.552076,39.793241
1948,116.538275,39.786008
1949,116.576499,39.705939
1950,116.584629,39.689548
1951,116.582145,39.688456
1952,116.583328,39.688454
1953,116.584644,39.688456
1954,116.584649,39.688155
